-- phpMyAdmin SQL Dump
-- version 4.0.10deb1
-- http://www.phpmyadmin.net
--
-- Host: localhost
-- Generation Time: May 25, 2015 at 06:00 PM
-- Server version: 5.5.43-0ubuntu0.14.04.1
-- PHP Version: 5.5.9-1ubuntu4.9

SET SQL_MODE = "NO_AUTO_VALUE_ON_ZERO";
SET time_zone = "+00:00";


/*!40101 SET @OLD_CHARACTER_SET_CLIENT=@@CHARACTER_SET_CLIENT */;
/*!40101 SET @OLD_CHARACTER_SET_RESULTS=@@CHARACTER_SET_RESULTS */;
/*!40101 SET @OLD_COLLATION_CONNECTION=@@COLLATION_CONNECTION */;
/*!40101 SET NAMES utf8 */;

--
-- Database: `design_for_the_children`
--

-- --------------------------------------------------------

--
-- Table structure for table `characters`
--

CREATE TABLE IF NOT EXISTS `characters` (
  `id` int(11) NOT NULL AUTO_INCREMENT,
  `character` varchar(5) NOT NULL,
  `image` varchar(100) NOT NULL,
  `row` int(11) NOT NULL,
  `vowel` tinyint(1) NOT NULL,
  `display` int(11) NOT NULL,
  PRIMARY KEY (`id`)
) ENGINE=InnoDB  DEFAULT CHARSET=latin1 AUTO_INCREMENT=36 ;

--
-- Dumping data for table `characters`
--

INSERT INTO `characters` (`id`, `character`, `image`, `row`, `vowel`, `display`) VALUES
(1, 'a', 'data/img/begriffe/affe.png', 0, 1, 1),
(2, 'b', 'data/img/begriffe/baer.png', 0, 0, 1),
(3, 'c', '', 0, 0, 0),
(4, 'd', 'data/img/begriffe/dachs.png', 0, 0, 1),
(5, 'e', 'data/img/begriffe/elefant.png', 0, 1, 1),
(6, 'f', 'data/img/begriffe/fisch.png', 0, 0, 1),
(7, 'g', 'data/img/begriffe/giraffe.png', 0, 0, 1),
(8, 'h', 'data/img/begriffe/hund.png', 0, 0, 1),
(9, 'i', 'data/img/begriffe/igel.png', 0, 1, 1),
(10, 'j', 'data/img/begriffe/jaguar.png', 0, 0, 1),
(11, 'k', 'data/img/begriffe/koala.png', 0, 0, 1),
(12, 'l', 'data/img/begriffe/loewe.png', 0, 0, 1),
(13, 'm', 'data/img/begriffe/maus.png', 0, 0, 1),
(14, 'n', 'data/img/begriffe/nashorn.png', 0, 0, 1),
(15, 'o', 'data/img/begriffe/otter.png', 0, 1, 1),
(16, 'p', 'data/img/begriffe/panda.png', 0, 0, 1),
(17, 'q', '', 0, 0, 0),
(18, 'r', 'data/img/begriffe/reh.png', 0, 0, 1),
(19, 's', 'data/img/begriffe/seestern.png', 0, 0, 1),
(20, 't', 'data/img/begriffe/tiger.png', 0, 0, 1),
(21, 'u', 'data/img/begriffe/uhu.png', 0, 1, 1),
(22, 'v', '', 0, 0, 0),
(23, 'w', 'data/img/begriffe/wal.png', 0, 0, 1),
(24, 'xy', '', 0, 0, 0),
(26, 'z', 'data/img/begriffe/zebra.png', 0, 0, 1),
(27, 'au', 'data/img/begriffe/auerhahn.png', 1, 1, 1),
(28, 'ei', 'data/img/begriffe/eichhoernchen.png', 1, 1, 1),
(29, 'eu', 'data/img/begriffe/eule.png', 1, 1, 1),
(30, 'ä', 'data/img/begriffe/aepfel.png', 1, 1, 1),
(31, 'ö', 'data/img/begriffe/oefen.png', 1, 1, 1),
(32, 'ü', 'data/img/begriffe/ueberholverbot.png', 1, 1, 1),
(33, 'sch', 'data/img/begriffe/schaf.png', 1, 0, 1),
(34, 'sp', 'data/img/begriffe/spinne.png', 1, 0, 1),
(35, 'st', 'data/img/begriffe/storch.png', 1, 0, 1);

-- --------------------------------------------------------

--
-- Table structure for table `companion`
--

CREATE TABLE IF NOT EXISTS `companion` (
  `id` int(11) NOT NULL AUTO_INCREMENT,
  `type` varchar(100) NOT NULL,
  `sorting` int(11) NOT NULL,
  `needed_level_id` int(11) DEFAULT NULL,
  PRIMARY KEY (`id`),
  KEY `IDX_1BAD2E69269F0516` (`needed_level_id`)
) ENGINE=InnoDB  DEFAULT CHARSET=latin1 AUTO_INCREMENT=8 ;

--
-- Dumping data for table `companion`
--

INSERT INTO `companion` (`id`, `type`, `sorting`, `needed_level_id`) VALUES
(1, 'fox', 0, 1),
(2, 'pirate', 3, 16),
(3, 'red_skin', 5, 1),
(4, 'wizard', 1, 10),
(5, 'cowboy', 4, 22),
(6, 'panda', 6, 2),
(7, 'girl', 2, 1);

-- --------------------------------------------------------

--
-- Table structure for table `levels`
--

CREATE TABLE IF NOT EXISTS `levels` (
  `id` int(11) NOT NULL AUTO_INCREMENT,
  `name` varchar(10) NOT NULL,
  `image` tinyint(1) NOT NULL,
  `second_row` tinyint(1) NOT NULL,
  `parent_level_id` int(11) DEFAULT NULL,
  `next_level_id` int(11) DEFAULT NULL,
  `explanation_sound` varchar(100) NOT NULL,
  `sorting` int(11) NOT NULL,
  `css_class` varchar(20) NOT NULL,
  `word_sound` tinyint(1) NOT NULL,
  `image_optional` tinyint(1) NOT NULL,
  PRIMARY KEY (`id`),
  KEY `parent_level_id` (`parent_level_id`)
) ENGINE=InnoDB  DEFAULT CHARSET=latin1 AUTO_INCREMENT=28 ;

--
-- Dumping data for table `levels`
--

INSERT INTO `levels` (`id`, `name`, `image`, `second_row`, `parent_level_id`, `next_level_id`, `explanation_sound`, `sorting`, `css_class`, `word_sound`, `image_optional`) VALUES
(1, 'A', 0, 0, NULL, 2, 'data/sound/kassettenrekorder/uebungA.ogg', 100, 'exercise-a', 1, 0),
(2, 'B', 1, 0, NULL, 10, 'data/sound/kassettenrekorder/uebungB.ogg', 200, 'exercise-b', 1, 0),
(3, 'C', 1, 1, NULL, NULL, 'data/sound/kassettenrekorder/uebungC.ogg', 300, 'exercise-c', 1, 0),
(4, 'D', 1, 1, NULL, NULL, 'data/sound/kassettenrekorder/uebungD.ogg', 400, 'exercise-d', 0, 0),
(5, 'E', 1, 1, NULL, NULL, 'data/sound/kassettenrekorder/uebungE.ogg', 500, 'exercise-e', 1, 1),
(10, '1', 1, 1, 3, 11, 'data/sound/kassettenrekorder/uebungC.ogg', 301, 'subexercise-1', 1, 0),
(11, '2', 1, 1, 3, 12, 'data/sound/kassettenrekorder/uebungC.ogg', 302, 'subexercise-2', 1, 0),
(12, '3', 1, 1, 3, 13, 'data/sound/kassettenrekorder/uebungC.ogg', 303, 'subexercise-3', 1, 0),
(13, '4', 1, 1, 3, 14, 'data/sound/kassettenrekorder/uebungC.ogg', 304, 'subexercise-4', 1, 0),
(14, '5', 1, 1, 3, 15, 'data/sound/kassettenrekorder/uebungC.ogg', 305, 'subexercise-5', 1, 0),
(15, '6', 1, 1, 3, 16, 'data/sound/kassettenrekorder/uebungC.ogg', 306, 'subexercise-6', 1, 0),
(16, '1', 1, 1, 4, 17, 'data/sound/kassettenrekorder/uebungD.ogg', 401, 'subexercise-1', 0, 0),
(17, '2', 1, 1, 4, 18, 'data/sound/kassettenrekorder/uebungD.ogg', 402, 'subexercise-2', 0, 0),
(18, '3', 1, 1, 4, 19, 'data/sound/kassettenrekorder/uebungD.ogg', 403, 'subexercise-3', 0, 0),
(19, '4', 1, 1, 4, 20, 'data/sound/kassettenrekorder/uebungD.ogg', 404, 'subexercise-4', 0, 0),
(20, '5', 1, 1, 4, 21, 'data/sound/kassettenrekorder/uebungD.ogg', 405, 'subexercise-5', 0, 0),
(21, '6', 1, 1, 4, 22, 'data/sound/kassettenrekorder/uebungD.ogg', 406, 'subexercise-6', 0, 0),
(22, '1', 1, 1, 5, 23, 'data/sound/kassettenrekorder/uebungE.ogg', 501, 'subexercise-1', 1, 1),
(23, '2', 1, 1, 5, 24, 'data/sound/kassettenrekorder/uebungE.ogg', 502, 'subexercise-2', 1, 1),
(24, '3', 1, 1, 5, 25, 'data/sound/kassettenrekorder/uebungE.ogg', 503, 'subexercise-3', 1, 1),
(25, '4', 1, 1, 5, 26, 'data/sound/kassettenrekorder/uebungE.ogg', 504, 'subexercise-4', 1, 1),
(26, '5', 1, 1, 5, 27, 'data/sound/kassettenrekorder/uebungE.ogg', 505, 'subexercise-5', 1, 1),
(27, '6', 1, 1, 5, 22, 'data/sound/kassettenrekorder/uebungE.ogg', 506, 'subexercise-6', 1, 1);

-- --------------------------------------------------------

--
-- Table structure for table `users`
--

CREATE TABLE IF NOT EXISTS `users` (
  `id` int(11) NOT NULL AUTO_INCREMENT,
  `name` varchar(50) NOT NULL,
  `password` varchar(100) NOT NULL,
  `current_level_id` int(11) DEFAULT NULL,
  `user_companion_id` int(11) DEFAULT NULL,
  `berries_eaten` int(11) NOT NULL DEFAULT '0',
  PRIMARY KEY (`id`),
  KEY `current_level_id` (`current_level_id`),
  KEY `user_companion` (`user_companion_id`)
) ENGINE=InnoDB  DEFAULT CHARSET=latin1 AUTO_INCREMENT=22 ;

--
-- Dumping data for table `users`
--

INSERT INTO `users` (`id`, `name`, `password`, `current_level_id`, `user_companion_id`, `berries_eaten`) VALUES
(1, 'johanna', '$2y$10$4HI6spUqBBeUYEw0ohWRbOmXT3VW63vNVnFOU5MZVMIpCXo5CLz/C', 27, 7, 38),
(2, 'dorina', '$2y$10$MfB6YdpeuqYdrxuJHhf6E.xbRuKIVZb1jh2hcTxD3bT7WSWEsZ71y', 2, 2, 1),
(3, 'renate', '$2y$10$u5mAiiBsBtClJV6OzteiZ..duC24RzWvyh6yNvcyO6sZEsgoauPsO', 10, 3, 2),
(4, 'luis', '$2y$10$mSu8fA2Cx2CFP55UVCKM8eiB79siFVYZJRhP6y7EO4kV2173.Vxly', 10, 2, 2),
(5, 'lukas', '$2y$10$7gNGHInYdLAgUcE4VzifpuRAM1hsSS6zlWRPwha0MqrWD3oUJZWAq', 2, 4, 1),
(6, 'simon', '$2y$10$NUq/UTCjlPT/x.9nI1Dp5um2XTRfUsB/VQnuoCAVA5XBRylNJ25li', 10, 2, 2),
(7, 'francisco', '$2y$10$ohpqn3h88aXMy1QU2YozHeqJS2XIG0czLEtoImXJmPKQspegna5lW', 10, 5, 3),
(8, 'thomas', '$2y$10$WP2NyqKoweFxSZAf0zLNlOLTZ9tYMC6MGNax6x.iAdFTN.XqEyBZi', 10, 2, 2),
(9, 'elias', '$2y$10$GEmgu81nG.P.X47IUZHoJeBmu8VURNLG3MQaEtAjhm60hsod2vvm.', 10, 4, 4),
(10, 'enrico', '$2y$10$JPkJ143tZ6nMDEpgA8LWbu5Owoa5RvEbB2jy6..YVPeDIjIpg55bG', 2, 5, 1),
(11, 'lena', '$2y$10$tQczAG20ggT8sUHYCLOMFe1nEspMTuPPjLN8UNVjxp9Znk.HiF6RC', 2, 1, 1),
(12, 'hannah', '$2y$10$z7juRik5NXLDFmTgX6BzDOsl/5gFPe.B9hDsvYpBboxvat.Ohawti', 10, 4, 2),
(13, 'selina', '$2y$10$a0iNWu8llTD1.4x2NUCDNOwSdR4YNKuzbb74rI8DOaPGIKdjTOMgS', 10, 5, 2),
(14, 'emily', '$2y$10$IPt2GovYU08ipr55AJae5OhNNEPHvhrTHYtgQB7U83wrndfZPt9JO', 2, 3, 1),
(15, 'luba', '$2y$10$C2lpQg1KiA0MaLjCg2y82.vO1xeLGjlLZTW5p9QTZwb0OD5NI5IRy', 10, 7, 2),
(16, 'vera', '$2y$10$9l3I/p/C5VGctYcB1bU89uhQ2LTPzj.IkWAaRWBsZ6Cw2cGtqn6EW', 2, 1, 2),
(17, 'eva', '$2y$10$.TaS2kGYxt7nXwFkf3Aiyusmkc96fMh3PqD4Ev63hrMLBZ7gYoMZK', 10, 5, 4),
(18, 'paulina', '$2y$10$ON..xzp0ZG4pr3DP7wRTZ.1EWMGWL9ySh4Fn21ZBIKdrs4uMjudJ.', 10, 1, 2),
(19, 'emmy', '$2y$10$.gtky2Mlm6a4H.XSFRN0z.4Du1imvcFNp.NTlhVtUCGbUphKdaq2G', 2, 7, 1),
(21, 'testnutzer', '$2y$10$flYRyir4zv8owwuyxCxl2eg4w7qmnSIEEgC.1woBBlyUV/OZTm4ui', 1, 1, 0);

-- --------------------------------------------------------

--
-- Table structure for table `words`
--

CREATE TABLE IF NOT EXISTS `words` (
  `id` int(11) NOT NULL AUTO_INCREMENT,
  `word` varchar(50) NOT NULL,
  `image` varchar(100) NOT NULL,
  `sound` varchar(100) NOT NULL,
  `solution` varchar(10) NOT NULL,
  PRIMARY KEY (`id`)
) ENGINE=InnoDB  DEFAULT CHARSET=latin1 AUTO_INCREMENT=234 ;

--
-- Dumping data for table `words`
--

INSERT INTO `words` (`id`, `word`, `image`, `sound`, `solution`) VALUES
(1, 'Affe', 'data/img/begriffe/affe.png', 'data/sound/begriffe/affe.ogg', 'a'),
(2, 'Bär', 'data/img/begriffe/baer.png', 'data/sound/begriffe/baer.ogg', 'b'),
(3, 'Dachs', 'data/img/begriffe/dachs.png', 'data/sound/begriffe/dachs.ogg', 'd'),
(4, 'Elefant', 'data/img/begriffe/elefant.png', 'data/sound/begriffe/elefant.ogg', 'e'),
(5, 'Fisch', 'data/img/begriffe/fisch.png', 'data/sound/begriffe/fisch.ogg', 'f'),
(6, 'Giraffe', 'data/img/begriffe/giraffe.png', 'data/sound/begriffe/giraffe.ogg', 'g'),
(7, 'Hund', 'data/img/begriffe/hund.png', 'data/sound/begriffe/hund.ogg', 'h'),
(8, 'Igel', 'data/img/begriffe/igel.png', 'data/sound/begriffe/igel.ogg', 'i'),
(9, 'Jaguar', 'data/img/begriffe/jaguar.png', 'data/sound/begriffe/jaguar.ogg', 'j'),
(10, 'Koala', 'data/img/begriffe/koala.png', 'data/sound/begriffe/koala.ogg', 'k'),
(11, 'Löwe', 'data/img/begriffe/loewe.png', 'data/sound/begriffe/loewe.ogg', 'l'),
(12, 'Maus', 'data/img/begriffe/maus.png', 'data/sound/begriffe/maus.ogg', 'm'),
(13, 'Nashorn', 'data/img/begriffe/nashorn.png', 'data/sound/begriffe/nashorn.ogg', 'n'),
(14, 'Otter', 'data/img/begriffe/otter.png', 'data/sound/begriffe/otter.ogg', 'o'),
(15, 'Panda', 'data/img/begriffe/panda.png', 'data/sound/begriffe/panda.ogg', 'p'),
(16, 'Reh', 'data/img/begriffe/reh.png', 'data/sound/begriffe/reh.ogg', 'r'),
(17, 'Seestern', 'data/img/begriffe/seestern.png', 'data/sound/begriffe/seestern.ogg', 's'),
(18, 'Tiger', 'data/img/begriffe/tiger.png', 'data/sound/begriffe/tiger.ogg', 't'),
(19, 'Uhu', 'data/img/begriffe/uhu.png', 'data/sound/begriffe/uhu.ogg', 'u'),
(20, 'Wal', 'data/img/begriffe/wal.png', 'data/sound/begriffe/wal.ogg', 'w'),
(21, 'Zebra', 'data/img/begriffe/zebra.png', 'data/sound/begriffe/zebra.ogg', 'z'),
(22, 'Ameise', 'data/img/begriffe/ameise.png', 'data/sound/begriffe/ameise.ogg', 'a'),
(23, 'Banane', 'data/img/begriffe/banane.png', 'data/sound/begriffe/banane.ogg', 'b'),
(24, 'Dino', 'data/img/begriffe/dino.png', 'data/sound/begriffe/dino.ogg', 'd'),
(25, 'Ente', 'data/img/begriffe/ente.png', 'data/sound/begriffe/ente.ogg', 'e'),
(26, 'Fass', 'data/img/begriffe/fass.png', 'data/sound/begriffe/fass.ogg', 'f'),
(27, 'Gabel', 'data/img/begriffe/gabel.png', 'data/sound/begriffe/gabel.ogg', 'g'),
(28, 'Herz', 'data/img/begriffe/herz.png', 'data/sound/begriffe/herz.ogg', 'h'),
(29, 'Iltis', 'data/img/begriffe/iltis.png', 'data/sound/begriffe/iltis.ogg', 'i'),
(30, 'Jäger', 'data/img/begriffe/jaeger.png', 'data/sound/begriffe/jaeger.ogg', 'j'),
(31, 'Kröte', 'data/img/begriffe/kroete.png', 'data/sound/begriffe/kroete.ogg', 'k'),
(32, 'Lineal', 'data/img/begriffe/lineal.png', 'data/sound/begriffe/lineal.ogg', 'l'),
(33, 'Mond', 'data/img/begriffe/mond.png', 'data/sound/begriffe/mond.ogg', 'm'),
(34, 'Nase', 'data/img/begriffe/nase.png', 'data/sound/begriffe/nase.ogg', 'n'),
(35, 'Ochse', 'data/img/begriffe/ochse.png', 'data/sound/begriffe/ochse.ogg', 'o'),
(36, 'Pilz', 'data/img/begriffe/pilz.png', 'data/sound/begriffe/pilz.ogg', 'p'),
(37, 'Rakete', 'data/img/begriffe/rakete.png', 'data/sound/begriffe/rakete.ogg', 'r'),
(38, 'Sonne', 'data/img/begriffe/sonne.png', 'data/sound/begriffe/sonne.ogg', 's'),
(39, 'Teddy', 'data/img/begriffe/teddy.png', 'data/sound/begriffe/teddy.ogg', 't'),
(40, 'Unterhose', 'data/img/begriffe/unterhose.png', 'data/sound/begriffe/unterhose.ogg', 'u'),
(41, 'Würfel', 'data/img/begriffe/wuerfel.png', 'data/sound/begriffe/wuerfel.ogg', 'w'),
(42, 'Zwerg', 'data/img/begriffe/zwerg.png', 'data/sound/begriffe/zwerg.ogg', 'z'),
(43, 'Adler', 'data/img/begriffe/adler.png', 'data/sound/begriffe/adler.ogg', 'a'),
(44, 'Äre', 'data/img/begriffe/aere.png', 'data/sound/begriffe/aere.ogg', 'ä'),
(45, 'Ampel', 'data/img/begriffe/ampel.png', 'data/sound/begriffe/ampel.ogg', 'a'),
(46, 'Ananas', 'data/img/begriffe/ananas.png', 'data/sound/begriffe/ananas.ogg', 'a'),
(47, 'Angel', 'data/img/begriffe/angel.png', 'data/sound/begriffe/angel.ogg', 'a'),
(48, 'Anker', 'data/img/begriffe/anker.png', 'data/sound/begriffe/anker.ogg', 'a'),
(49, 'Apfel', 'data/img/begriffe/apfel.png', 'data/sound/begriffe/apfel.ogg', 'a'),
(50, 'Arm', 'data/img/begriffe/arm.png', 'data/sound/begriffe/arm.ogg', 'a'),
(51, 'Ast', 'data/img/begriffe/ast.png', 'data/sound/begriffe/ast.ogg', 'a'),
(52, 'Auge', 'data/img/begriffe/auge.png', 'data/sound/begriffe/auge.ogg', 'au'),
(53, 'Auto', 'data/img/begriffe/auto.png', 'data/sound/begriffe/auto.ogg', 'au'),
(54, 'Axt', 'data/img/begriffe/axt.png', 'data/sound/begriffe/axt.ogg', 'a'),
(55, 'Ball', 'data/img/begriffe/ball.png', 'data/sound/begriffe/ball.ogg', 'b'),
(56, 'Baum', 'data/img/begriffe/baum.png', 'data/sound/begriffe/baum.ogg', 'b'),
(57, 'Bein', 'data/img/begriffe/bein.png', 'data/sound/begriffe/bein.ogg', 'b'),
(58, 'Besen', 'data/img/begriffe/besen.png', 'data/sound/begriffe/besen.ogg', 'b'),
(59, 'Bett', 'data/img/begriffe/bett.png', 'data/sound/begriffe/bett.ogg', 'b'),
(60, 'Beule', 'data/img/begriffe/beule.png', 'data/sound/begriffe/beule.ogg', 'b'),
(61, 'Birne', 'data/img/begriffe/birne.png', 'data/sound/begriffe/birne.ogg', 'b'),
(62, 'Buch', 'data/img/begriffe/buch.png', 'data/sound/begriffe/buch.ogg', 'b'),
(63, 'Bügel', 'data/img/begriffe/buegel.png', 'data/sound/begriffe/buegel.ogg', 'b'),
(64, 'Bus', 'data/img/begriffe/bus.png', 'data/sound/begriffe/bus.ogg', 'b'),
(65, 'Dach', 'data/img/begriffe/dach.png', 'data/sound/begriffe/dach.ogg', 'd'),
(66, 'Daumen', 'data/img/begriffe/daumen.png', 'data/sound/begriffe/daumen.ogg', 'd'),
(67, 'Domino', 'data/img/begriffe/domino.png', 'data/sound/begriffe/domino.ogg', 'd'),
(68, 'Dose', 'data/img/begriffe/dose.png', 'data/sound/begriffe/dose.ogg', 'd'),
(69, 'Drachen', 'data/img/begriffe/drachen.png', 'data/sound/begriffe/drachen.ogg', 'd'),
(70, 'Dreirad', 'data/img/begriffe/dreirad.png', 'data/sound/begriffe/dreirad.ogg', 'd'),
(71, 'Dusche', 'data/img/begriffe/dusche.png', 'data/sound/begriffe/dusche.ogg', 'd'),
(72, 'Ei', 'data/img/begriffe/ei.png', 'data/sound/begriffe/ei.ogg', 'ei'),
(73, 'Eichel', 'data/img/begriffe/eichel.png', 'data/sound/begriffe/eichel.ogg', 'ei'),
(74, 'Eimer', 'data/img/begriffe/eimer.png', 'data/sound/begriffe/eimer.ogg', 'ei'),
(75, 'Eis', 'data/img/begriffe/eis.png', 'data/sound/begriffe/eis.ogg', 'ei'),
(76, 'Elch', 'data/img/begriffe/elch.png', 'data/sound/begriffe/elch.ogg', 'e'),
(77, 'Erdbeere', 'data/img/begriffe/erdbeere.png', 'data/sound/begriffe/erdbeere.ogg', 'e'),
(78, 'Erde', 'data/img/begriffe/erde.png', 'data/sound/begriffe/erde.ogg', 'e'),
(79, 'Esel', 'data/img/begriffe/esel.png', 'data/sound/begriffe/esel.ogg', 'e'),
(80, 'Euro', 'data/img/begriffe/euro.png', 'data/sound/begriffe/euro.ogg', 'eu'),
(81, 'Euter', 'data/img/begriffe/euter.png', 'data/sound/begriffe/euter.ogg', 'eu'),
(82, 'Faden', 'data/img/begriffe/faden.png', 'data/sound/begriffe/faden.ogg', 'f'),
(83, 'Fahne', 'data/img/begriffe/fahne.png', 'data/sound/begriffe/fahne.ogg', 'f'),
(84, 'Faust', 'data/img/begriffe/faust.png', 'data/sound/begriffe/faust.ogg', 'f'),
(85, 'Feder', 'data/img/begriffe/feder.png', 'data/sound/begriffe/feder.ogg', 'f'),
(86, 'Feile', 'data/img/begriffe/feile.png', 'data/sound/begriffe/feile.ogg', 'f'),
(87, 'Feuer', 'data/img/begriffe/feuer.png', 'data/sound/begriffe/feuer.ogg', 'f'),
(88, 'Finger', 'data/img/begriffe/finger.png', 'data/sound/begriffe/finger.ogg', 'f'),
(89, 'Fön', 'data/img/begriffe/foen.png', 'data/sound/begriffe/foen.ogg', 'f'),
(90, 'Fuss', 'data/img/begriffe/fuss.png', 'data/sound/begriffe/fuss.ogg', 'f'),
(91, 'Gans', 'data/img/begriffe/gans.png', 'data/sound/begriffe/gans.ogg', 'g'),
(92, 'Geige', 'data/img/begriffe/geige.png', 'data/sound/begriffe/geige.ogg', 'g'),
(93, 'Geld', 'data/img/begriffe/geld.png', 'data/sound/begriffe/geld.ogg', 'g'),
(94, 'Giesskanne', 'data/img/begriffe/giesskanne.png', 'data/sound/begriffe/giesskanne.ogg', 'g'),
(95, 'Gitarre', 'data/img/begriffe/gitarre.png', 'data/sound/begriffe/gitarre.ogg', 'g'),
(96, 'Gurke', 'data/img/begriffe/gurke.png', 'data/sound/begriffe/gurke.ogg', 'g'),
(97, 'Hals', 'data/img/begriffe/hals.png', 'data/sound/begriffe/hals.ogg', 'h'),
(98, 'Hand', 'data/img/begriffe/hand.png', 'data/sound/begriffe/hand.ogg', 'h'),
(99, 'Hase', 'data/img/begriffe/hase.png', 'data/sound/begriffe/hase.ogg', 'h'),
(100, 'Haus', 'data/img/begriffe/haus.png', 'data/sound/begriffe/haus.ogg', 'h'),
(101, 'Heizung', 'data/img/begriffe/heizung.png', 'data/sound/begriffe/heizung.ogg', 'h'),
(102, 'Helm', 'data/img/begriffe/helm.png', 'data/sound/begriffe/helm.ogg', 'h'),
(103, 'Hexe', 'data/img/begriffe/hexe.png', 'data/sound/begriffe/hexe.ogg', 'h'),
(104, 'Hirsch', 'data/img/begriffe/hirsch.png', 'data/sound/begriffe/hirsch.ogg', 'h'),
(105, 'Hose', 'data/img/begriffe/hose.png', 'data/sound/begriffe/hose.ogg', 'h'),
(106, 'Hut', 'data/img/begriffe/hut.png', 'data/sound/begriffe/hut.ogg', 'h'),
(107, 'Iglu', 'data/img/begriffe/iglu.png', 'data/sound/begriffe/iglu.ogg', 'i'),
(108, 'Indianer', 'data/img/begriffe/indianer.png', 'data/sound/begriffe/indianer.ogg', 'i'),
(109, 'Insekt', 'data/img/begriffe/insekt.png', 'data/sound/begriffe/insekt.ogg', 'i'),
(110, 'Insel', 'data/img/begriffe/insel.png', 'data/sound/begriffe/insel.ogg', 'i'),
(111, 'Jacke', 'data/img/begriffe/jacke.png', 'data/sound/begriffe/jacke.ogg', 'j'),
(112, 'Käfig', 'data/img/begriffe/kaefig.png', 'data/sound/begriffe/kaefig.ogg', 'k'),
(113, 'Kamel', 'data/img/begriffe/kamel.png', 'data/sound/begriffe/kamel.ogg', 'k'),
(114, 'Käse', 'data/img/begriffe/kaese.png', 'data/sound/begriffe/kaese.ogg', 'k'),
(115, 'Katze', 'data/img/begriffe/katze.png', 'data/sound/begriffe/katze.ogg', 'k'),
(116, 'Kerze', 'data/img/begriffe/kerze.png', 'data/sound/begriffe/kerze.ogg', 'k'),
(117, 'Kette', 'data/img/begriffe/kette.png', 'data/sound/begriffe/kette.ogg', 'k'),
(118, 'Kiste', 'data/img/begriffe/kiste.png', 'data/sound/begriffe/kiste.ogg', 'k'),
(119, 'Koffer', 'data/img/begriffe/koffer.png', 'data/sound/begriffe/koffer.ogg', 'k'),
(120, 'Kopf', 'data/img/begriffe/kopf.png', 'data/sound/begriffe/kopf.ogg', 'k'),
(121, 'Kuchen', 'data/img/begriffe/kuchen.png', 'data/sound/begriffe/kuchen.ogg', 'k'),
(122, 'Lampe', 'data/img/begriffe/lampe.png', 'data/sound/begriffe/lampe.ogg', 'l'),
(123, 'Lasso', 'data/img/begriffe/lasso.png', 'data/sound/begriffe/lasso.ogg', 'l'),
(124, 'Laterne', 'data/img/begriffe/laterne.png', 'data/sound/begriffe/laterne.ogg', 'l'),
(125, 'Leine', 'data/img/begriffe/leine.png', 'data/sound/begriffe/leine.ogg', 'l'),
(126, 'Leiter', 'data/img/begriffe/leiter.png', 'data/sound/begriffe/leiter.ogg', 'l'),
(127, 'Loch', 'data/img/begriffe/loch.png', 'data/sound/begriffe/loch.ogg', 'l'),
(128, 'Löffel', 'data/img/begriffe/loeffel.png', 'data/sound/begriffe/loeffel.ogg', 'l'),
(129, 'Mantel', 'data/img/begriffe/mantel.png', 'data/sound/begriffe/mantel.ogg', 'm'),
(130, 'Melone', 'data/img/begriffe/melone.png', 'data/sound/begriffe/melone.ogg', 'm'),
(131, 'Messer', 'data/img/begriffe/messer.png', 'data/sound/begriffe/messer.ogg', 'm'),
(132, 'Milch', 'data/img/begriffe/milch.png', 'data/sound/begriffe/milch.ogg', 'm'),
(133, 'Mütze', 'data/img/begriffe/muetze.png', 'data/sound/begriffe/muetze.ogg', 'm'),
(134, 'Mund', 'data/img/begriffe/mund.png', 'data/sound/begriffe/mund.ogg', 'm'),
(135, 'Muschel', 'data/img/begriffe/muschel.png', 'data/sound/begriffe/muschel.ogg', 'm'),
(136, 'Nacht', 'data/img/begriffe/nacht.png', 'data/sound/begriffe/nacht.ogg', 'n'),
(137, 'Nadel', 'data/img/begriffe/nadel.png', 'data/sound/begriffe/nadel.ogg', 'n'),
(138, 'Nagel', 'data/img/begriffe/nagel.png', 'data/sound/begriffe/nagel.ogg', 'n'),
(139, 'Nest', 'data/img/begriffe/nest.png', 'data/sound/begriffe/nest.ogg', 'n'),
(140, 'Nikolaus', 'data/img/begriffe/nikolaus.png', 'data/sound/begriffe/nikolaus.ogg', 'n'),
(141, 'Nuss', 'data/img/begriffe/nuss.png', 'data/sound/begriffe/nuss.ogg', 'n'),
(142, 'Ofen', 'data/img/begriffe/ofen.png', 'data/sound/begriffe/ofen.ogg', 'o'),
(143, 'Ohr', 'data/img/begriffe/ohr.png', 'data/sound/begriffe/ohr.ogg', 'o'),
(144, 'Orden', 'data/img/begriffe/orden.png', 'data/sound/begriffe/orden.ogg', 'o'),
(145, 'Ordner', 'data/img/begriffe/ordner.png', 'data/sound/begriffe/ordner.ogg', 'o'),
(146, 'Orgel', 'data/img/begriffe/orgel.png', 'data/sound/begriffe/orgel.ogg', 'o'),
(147, 'Osterhase', 'data/img/begriffe/osterhase.png', 'data/sound/begriffe/osterhase.ogg', 'o'),
(148, 'Paket', 'data/img/begriffe/paket.png', 'data/sound/begriffe/paket.ogg', 'p'),
(149, 'Palme', 'data/img/begriffe/palme.png', 'data/sound/begriffe/palme.ogg', 'p'),
(150, 'Perle', 'data/img/begriffe/perle.png', 'data/sound/begriffe/perle.ogg', 'p'),
(151, 'Pinsel', 'data/img/begriffe/pinsel.png', 'data/sound/begriffe/pinsel.ogg', 'p'),
(152, 'Post', 'data/img/begriffe/post.png', 'data/sound/begriffe/post.ogg', 'p'),
(153, 'Pullover', 'data/img/begriffe/pullover.png', 'data/sound/begriffe/pullover.ogg', 'p'),
(154, 'Puppe', 'data/img/begriffe/puppe.png', 'data/sound/begriffe/puppe.ogg', 'p'),
(155, 'Rad', 'data/img/begriffe/rad.png', 'data/sound/begriffe/rad.ogg', 'r'),
(156, 'Regal', 'data/img/begriffe/regal.png', 'data/sound/begriffe/regal.ogg', 'r'),
(157, 'Reifen', 'data/img/begriffe/reifen.png', 'data/sound/begriffe/reifen.ogg', 'r'),
(158, 'Ring', 'data/img/begriffe/ring.png', 'data/sound/begriffe/ring.ogg', 'r'),
(159, 'Roboter', 'data/img/begriffe/roboter.png', 'data/sound/begriffe/roboter.ogg', 'r'),
(160, 'Rose', 'data/img/begriffe/rose.png', 'data/sound/begriffe/rose.ogg', 'r'),
(161, 'Sack', 'data/img/begriffe/sack.png', 'data/sound/begriffe/sack.ogg', 's'),
(162, 'Säge', 'data/img/begriffe/saege.png', 'data/sound/begriffe/saege.ogg', 's'),
(163, 'Sattel', 'data/img/begriffe/sattel.png', 'data/sound/begriffe/sattel.ogg', 's'),
(164, 'Schal', 'data/img/begriffe/schal.png', 'data/sound/begriffe/schal.ogg', 'sch'),
(165, 'Schaukel', 'data/img/begriffe/schaukel.png', 'data/sound/begriffe/schaukel.ogg', 'sch'),
(166, 'Schere', 'data/img/begriffe/schere.png', 'data/sound/begriffe/schere.ogg', 'sch'),
(167, 'Schiff', 'data/img/begriffe/schiff.png', 'data/sound/begriffe/schiff.ogg', 'sch'),
(168, 'Schirm', 'data/img/begriffe/schirm.png', 'data/sound/begriffe/schirm.ogg', 'sch'),
(169, 'Schlange', 'data/img/begriffe/schlange.png', 'data/sound/begriffe/schlange.ogg', 'sch'),
(170, 'Schleife', 'data/img/begriffe/schleife.png', 'data/sound/begriffe/schleife.ogg', 'sch'),
(171, 'Schlitten', 'data/img/begriffe/schlitten.png', 'data/sound/begriffe/schlitten.ogg', 'sch'),
(172, 'Schloss', 'data/img/begriffe/schloss.png', 'data/sound/begriffe/schloss.ogg', 'sch'),
(173, 'Schlüssel', 'data/img/begriffe/schluessel.png', 'data/sound/begriffe/schluessel.ogg', 'sch'),
(174, 'Schmetterling', 'data/img/begriffe/schmetterling.png', 'data/sound/begriffe/schmetterling.ogg', 'sch'),
(175, 'Schnecke', 'data/img/begriffe/schnecke.png', 'data/sound/begriffe/schnecke.ogg', 'sch'),
(176, 'Schnuller', 'data/img/begriffe/schnuller.png', 'data/sound/begriffe/schnuller.ogg', 'sch'),
(177, 'Schokolade', 'data/img/begriffe/schokolade.png', 'data/sound/begriffe/schokolade.ogg', 'sch'),
(178, 'Schraube', 'data/img/begriffe/schraube.png', 'data/sound/begriffe/schraube.ogg', 'sch'),
(179, 'Schüssel', 'data/img/begriffe/schuessel.png', 'data/sound/begriffe/schuessel.ogg', 'sch'),
(180, 'Schuhe', 'data/img/begriffe/schuhe.png', 'data/sound/begriffe/schuhe.ogg', 'sch'),
(181, 'Schule', 'data/img/begriffe/schule.png', 'data/sound/begriffe/schule.ogg', 'sch'),
(182, 'Schwein', 'data/img/begriffe/schwein.png', 'data/sound/begriffe/schwein.ogg', 'sch'),
(183, 'Seife', 'data/img/begriffe/seife.png', 'data/sound/begriffe/seife.ogg', 's'),
(184, 'Seil', 'data/img/begriffe/seil.png', 'data/sound/begriffe/seil.ogg', 's'),
(185, 'Seite', 'data/img/begriffe/seite.png', 'data/sound/begriffe/seite.ogg', 's'),
(186, 'Sessel', 'data/img/begriffe/sessel.png', 'data/sound/begriffe/sessel.ogg', 's'),
(187, 'Sieb', 'data/img/begriffe/sieb.png', 'data/sound/begriffe/sieb.ogg', 's'),
(188, 'Sofa', 'data/img/begriffe/sofa.png', 'data/sound/begriffe/sofa.ogg', 's'),
(189, 'Spiegel', 'data/img/begriffe/spiegel.png', 'data/sound/begriffe/spiegel.ogg', 'sp'),
(190, 'Spritze', 'data/img/begriffe/spritze.png', 'data/sound/begriffe/spritze.ogg', 'sp'),
(191, 'Spur', 'data/img/begriffe/spur.png', 'data/sound/begriffe/spur.ogg', 'sp'),
(192, 'Steine', 'data/img/begriffe/steine.png', 'data/sound/begriffe/steine.ogg', 'st'),
(193, 'Sterne', 'data/img/begriffe/sterne.png', 'data/sound/begriffe/sterne.ogg', 'st'),
(194, 'Stift', 'data/img/begriffe/stift.png', 'data/sound/begriffe/stift.ogg', 'st'),
(195, 'Stufe', 'data/img/begriffe/stufe.png', 'data/sound/begriffe/stufe.ogg', 'st'),
(196, 'Tafel', 'data/img/begriffe/tafel.png', 'data/sound/begriffe/tafel.ogg', 't'),
(197, 'Tasche', 'data/img/begriffe/tasche.png', 'data/sound/begriffe/tasche.ogg', 't'),
(198, 'Tasse', 'data/img/begriffe/tasse.png', 'data/sound/begriffe/tasse.ogg', 't'),
(199, 'Teich', 'data/img/begriffe/teich.png', 'data/sound/begriffe/teich.ogg', 't'),
(200, 'Telefon', 'data/img/begriffe/telefon.png', 'data/sound/begriffe/telefon.ogg', 't'),
(201, 'Teller', 'data/img/begriffe/teller.png', 'data/sound/begriffe/teller.ogg', 't'),
(202, 'Tisch', 'data/img/begriffe/tisch.png', 'data/sound/begriffe/tisch.ogg', 't'),
(203, 'Topf', 'data/img/begriffe/topf.png', 'data/sound/begriffe/topf.ogg', 't'),
(204, 'Tor', 'data/img/begriffe/tor.png', 'data/sound/begriffe/tor.ogg', 't'),
(205, 'Tür', 'data/img/begriffe/tuer.png', 'data/sound/begriffe/tuer.ogg', 't'),
(206, 'Uboot', 'data/img/begriffe/uboot.png', 'data/sound/begriffe/uboot.ogg', 'u'),
(207, 'Uhr', 'data/img/begriffe/uhr.png', 'data/sound/begriffe/uhr.ogg', 'u'),
(208, 'Umhang', 'data/img/begriffe/umhang.png', 'data/sound/begriffe/umhang.ogg', 'u'),
(209, 'Waage', 'data/img/begriffe/waage.png', 'data/sound/begriffe/waage.ogg', 'w'),
(210, 'Waffel', 'data/img/begriffe/waffel.png', 'data/sound/begriffe/waffel.ogg', 'w'),
(211, 'Wanne', 'data/img/begriffe/wanne.png', 'data/sound/begriffe/wanne.ogg', 'w'),
(212, 'Wasser', 'data/img/begriffe/wasser.png', 'data/sound/begriffe/wasser.ogg', 'w'),
(213, 'Wecker', 'data/img/begriffe/wecker.png', 'data/sound/begriffe/wecker.ogg', 'w'),
(214, 'Windel', 'data/img/begriffe/windel.png', 'data/sound/begriffe/windel.ogg', 'w'),
(215, 'Wippe', 'data/img/begriffe/wippe.png', 'data/sound/begriffe/wippe.ogg', 'w'),
(216, 'Wolf', 'data/img/begriffe/wolf.png', 'data/sound/begriffe/wolf.ogg', 'w'),
(217, 'Wolke', 'data/img/begriffe/wolke.png', 'data/sound/begriffe/wolke.ogg', 'w'),
(218, 'Wurm', 'data/img/begriffe/wurm.png', 'data/sound/begriffe/wurm.ogg', 'w'),
(219, 'Zange', 'data/img/begriffe/zange.png', 'data/sound/begriffe/zange.ogg', 'z'),
(220, 'Zelt', 'data/img/begriffe/zelt.png', 'data/sound/begriffe/zelt.ogg', 'z'),
(221, 'Zigarre', 'data/img/begriffe/zigarre.png', 'data/sound/begriffe/zigarre.ogg', 'z'),
(222, 'Zirkus', 'data/img/begriffe/zirkus.png', 'data/sound/begriffe/zirkus.ogg', 'z'),
(223, 'Zopf', 'data/img/begriffe/zopf.png', 'data/sound/begriffe/zopf.ogg', 'z'),
(224, 'Zunge', 'data/img/begriffe/zunge.png', 'data/sound/begriffe/zunge.ogg', 'z'),
(225, 'Auerhahn', 'data/img/begriffe/auerhahn.png', 'data/sound/begriffe/auerhahn.ogg', 'au'),
(226, 'Eichhörnchen', 'data/img/begriffe/eichhoernchen.png', 'data/sound/begriffe/eichhoernchen.ogg', 'ei'),
(227, 'Eule', 'data/img/begriffe/eule.png', 'data/sound/begriffe/eule.ogg', 'eu'),
(228, 'Äre', 'data/img/begriffe/aere.png', 'data/sound/begriffe/aere.ogg', 'ä'),
(229, 'Öfen', 'data/img/begriffe/oefen.png', 'data/sound/begriffe/oefen.ogg', 'ö'),
(230, 'Überholverbot', 'data/img/begriffe/ueberholverbot.png', 'data/sound/begriffe/ueberholverbot.ogg', 'ü'),
(231, 'Schaf', 'data/img/begriffe/schaf.png', 'data/sound/begriffe/schaf.ogg', 'sch'),
(232, 'Spinne', 'data/img/begriffe/spinne.png', 'data/sound/begriffe/spinne.ogg', 'sp'),
(233, 'Storch', 'data/img/begriffe/storch.png', 'data/sound/begriffe/storch.ogg', 'st');

-- --------------------------------------------------------

--
-- Table structure for table `words_for_level`
--

CREATE TABLE IF NOT EXISTS `words_for_level` (
  `level_id` int(11) NOT NULL,
  `word_id` int(11) NOT NULL,
  PRIMARY KEY (`level_id`,`word_id`),
  KEY `IDX_B2B190165FB14BA7` (`level_id`),
  KEY `IDX_B2B19016E357438D` (`word_id`)
) ENGINE=InnoDB DEFAULT CHARSET=utf8 COLLATE=utf8_unicode_ci;

--
-- Dumping data for table `words_for_level`
--

INSERT INTO `words_for_level` (`level_id`, `word_id`) VALUES
(1, 1),
(1, 2),
(1, 3),
(1, 4),
(1, 5),
(1, 6),
(1, 7),
(1, 8),
(1, 9),
(1, 10),
(1, 11),
(1, 12),
(1, 13),
(1, 14),
(1, 15),
(1, 16),
(1, 17),
(1, 18),
(1, 19),
(1, 20),
(1, 21),
(2, 22),
(2, 23),
(2, 24),
(2, 25),
(2, 26),
(2, 27),
(2, 28),
(2, 29),
(2, 30),
(2, 31),
(2, 32),
(2, 33),
(2, 34),
(2, 35),
(2, 36),
(2, 37),
(2, 38),
(2, 39),
(2, 40),
(2, 41),
(2, 42),
(2, 43),
(2, 45),
(2, 46),
(2, 47),
(2, 48),
(2, 49),
(2, 50),
(2, 51),
(2, 54),
(2, 55),
(2, 56),
(2, 57),
(2, 58),
(2, 59),
(2, 60),
(2, 61),
(2, 62),
(2, 63),
(2, 64),
(2, 65),
(2, 66),
(2, 67),
(2, 68),
(2, 69),
(2, 70),
(2, 71),
(2, 76),
(2, 77),
(2, 78),
(2, 79),
(2, 82),
(2, 83),
(2, 84),
(2, 85),
(2, 86),
(2, 87),
(2, 88),
(2, 89),
(2, 90),
(2, 91),
(2, 92),
(2, 93),
(2, 94),
(2, 95),
(2, 96),
(2, 97),
(2, 98),
(2, 99),
(2, 100),
(2, 101),
(2, 102),
(2, 103),
(2, 104),
(2, 105),
(2, 106),
(2, 107),
(2, 108),
(2, 109),
(2, 110),
(2, 111),
(2, 112),
(2, 113),
(2, 114),
(2, 115),
(2, 116),
(2, 117),
(2, 118),
(2, 119),
(2, 120),
(2, 121),
(2, 122),
(2, 123),
(2, 124),
(2, 125),
(2, 126),
(2, 127),
(2, 128),
(2, 129),
(2, 130),
(2, 131),
(2, 132),
(2, 133),
(2, 134),
(2, 135),
(2, 136),
(2, 137),
(2, 138),
(2, 139),
(2, 140),
(2, 141),
(2, 142),
(2, 143),
(2, 144),
(2, 145),
(2, 146),
(2, 147),
(2, 148),
(2, 149),
(2, 150),
(2, 151),
(2, 152),
(2, 153),
(2, 154),
(2, 155),
(2, 156),
(2, 157),
(2, 158),
(2, 159),
(2, 160),
(2, 161),
(2, 162),
(2, 163),
(2, 183),
(2, 184),
(2, 185),
(2, 186),
(2, 187),
(2, 188),
(2, 196),
(2, 197),
(2, 198),
(2, 199),
(2, 200),
(2, 201),
(2, 202),
(2, 203),
(2, 204),
(2, 205),
(2, 206),
(2, 207),
(2, 208),
(2, 209),
(2, 210),
(2, 211),
(2, 212),
(2, 213),
(2, 214),
(2, 215),
(2, 216),
(2, 217),
(2, 218),
(2, 219),
(2, 220),
(2, 221),
(2, 222),
(2, 223),
(2, 224),
(10, 1),
(10, 4),
(10, 8),
(10, 14),
(10, 19),
(10, 22),
(10, 25),
(10, 29),
(10, 35),
(10, 40),
(10, 43),
(10, 45),
(10, 46),
(10, 47),
(10, 48),
(10, 49),
(10, 50),
(10, 51),
(10, 52),
(10, 53),
(10, 54),
(10, 72),
(10, 73),
(10, 74),
(10, 75),
(10, 76),
(10, 77),
(10, 78),
(10, 79),
(10, 80),
(10, 81),
(10, 107),
(10, 108),
(10, 109),
(10, 110),
(10, 142),
(10, 143),
(10, 144),
(10, 145),
(10, 146),
(10, 147),
(10, 206),
(10, 207),
(10, 208),
(10, 225),
(10, 226),
(10, 227),
(11, 5),
(11, 11),
(11, 12),
(11, 13),
(11, 26),
(11, 32),
(11, 33),
(11, 34),
(11, 82),
(11, 83),
(11, 84),
(11, 85),
(11, 86),
(11, 87),
(11, 88),
(11, 89),
(11, 90),
(11, 122),
(11, 123),
(11, 124),
(11, 125),
(11, 126),
(11, 127),
(11, 128),
(11, 129),
(11, 130),
(11, 131),
(11, 132),
(11, 133),
(11, 134),
(11, 135),
(11, 136),
(11, 137),
(11, 138),
(11, 139),
(11, 140),
(11, 141),
(12, 16),
(12, 17),
(12, 20),
(12, 37),
(12, 38),
(12, 41),
(12, 155),
(12, 156),
(12, 157),
(12, 158),
(12, 159),
(12, 160),
(12, 161),
(12, 162),
(12, 163),
(12, 164),
(12, 165),
(12, 166),
(12, 167),
(12, 168),
(12, 169),
(12, 170),
(12, 171),
(12, 172),
(12, 173),
(12, 174),
(12, 175),
(12, 176),
(12, 177),
(12, 178),
(12, 179),
(12, 180),
(12, 181),
(12, 182),
(12, 183),
(12, 184),
(12, 185),
(12, 186),
(12, 187),
(12, 188),
(12, 209),
(12, 210),
(12, 211),
(12, 212),
(12, 213),
(12, 214),
(12, 215),
(12, 216),
(12, 217),
(12, 218),
(12, 231),
(13, 2),
(13, 3),
(13, 6),
(13, 7),
(13, 23),
(13, 24),
(13, 27),
(13, 28),
(13, 55),
(13, 56),
(13, 57),
(13, 58),
(13, 59),
(13, 60),
(13, 61),
(13, 62),
(13, 63),
(13, 64),
(13, 65),
(13, 66),
(13, 67),
(13, 68),
(13, 69),
(13, 70),
(13, 71),
(13, 91),
(13, 92),
(13, 93),
(13, 94),
(13, 95),
(13, 96),
(13, 97),
(13, 98),
(13, 99),
(13, 100),
(13, 101),
(13, 102),
(13, 103),
(13, 104),
(13, 105),
(13, 106),
(14, 10),
(14, 15),
(14, 18),
(14, 21),
(14, 31),
(14, 36),
(14, 39),
(14, 42),
(14, 112),
(14, 113),
(14, 114),
(14, 115),
(14, 116),
(14, 117),
(14, 118),
(14, 119),
(14, 120),
(14, 121),
(14, 148),
(14, 149),
(14, 150),
(14, 151),
(14, 152),
(14, 153),
(14, 154),
(14, 196),
(14, 197),
(14, 198),
(14, 199),
(14, 200),
(14, 201),
(14, 202),
(14, 203),
(14, 204),
(14, 205),
(14, 219),
(14, 220),
(14, 221),
(14, 222),
(14, 223),
(14, 224),
(15, 1),
(15, 4),
(15, 7),
(15, 8),
(15, 9),
(15, 14),
(15, 19),
(15, 20),
(15, 22),
(15, 25),
(15, 28),
(15, 29),
(15, 30),
(15, 35),
(15, 40),
(15, 41),
(15, 43),
(15, 44),
(15, 45),
(15, 46),
(15, 47),
(15, 48),
(15, 49),
(15, 50),
(15, 51),
(15, 54),
(15, 76),
(15, 77),
(15, 78),
(15, 79),
(15, 97),
(15, 98),
(15, 99),
(15, 100),
(15, 101),
(15, 102),
(15, 103),
(15, 104),
(15, 105),
(15, 106),
(15, 107),
(15, 108),
(15, 109),
(15, 110),
(15, 111),
(15, 142),
(15, 143),
(15, 144),
(15, 145),
(15, 146),
(15, 147),
(15, 164),
(15, 165),
(15, 166),
(15, 167),
(15, 168),
(15, 169),
(15, 170),
(15, 171),
(15, 172),
(15, 173),
(15, 174),
(15, 175),
(15, 176),
(15, 177),
(15, 178),
(15, 179),
(15, 180),
(15, 181),
(15, 182),
(15, 189),
(15, 190),
(15, 191),
(15, 192),
(15, 193),
(15, 194),
(15, 195),
(15, 206),
(15, 207),
(15, 208),
(15, 209),
(15, 210),
(15, 211),
(15, 212),
(15, 213),
(15, 214),
(15, 215),
(15, 216),
(15, 217),
(15, 218),
(15, 228),
(15, 229),
(15, 230),
(15, 231),
(15, 232),
(15, 233),
(16, 1),
(16, 4),
(16, 8),
(16, 14),
(16, 19),
(16, 22),
(16, 25),
(16, 29),
(16, 35),
(16, 40),
(16, 43),
(16, 45),
(16, 46),
(16, 47),
(16, 48),
(16, 49),
(16, 50),
(16, 51),
(16, 52),
(16, 53),
(16, 54),
(16, 72),
(16, 73),
(16, 74),
(16, 75),
(16, 76),
(16, 77),
(16, 78),
(16, 79),
(16, 80),
(16, 81),
(16, 107),
(16, 108),
(16, 109),
(16, 110),
(16, 142),
(16, 143),
(16, 144),
(16, 145),
(16, 146),
(16, 147),
(16, 206),
(16, 207),
(16, 208),
(16, 225),
(16, 226),
(16, 227),
(17, 5),
(17, 11),
(17, 12),
(17, 13),
(17, 26),
(17, 32),
(17, 33),
(17, 34),
(17, 82),
(17, 83),
(17, 84),
(17, 85),
(17, 86),
(17, 87),
(17, 88),
(17, 89),
(17, 90),
(17, 122),
(17, 123),
(17, 124),
(17, 125),
(17, 126),
(17, 127),
(17, 128),
(17, 129),
(17, 130),
(17, 131),
(17, 132),
(17, 133),
(17, 134),
(17, 135),
(17, 136),
(17, 137),
(17, 138),
(17, 139),
(17, 140),
(17, 141),
(18, 16),
(18, 17),
(18, 20),
(18, 37),
(18, 38),
(18, 41),
(18, 155),
(18, 156),
(18, 157),
(18, 158),
(18, 159),
(18, 160),
(18, 161),
(18, 162),
(18, 163),
(18, 164),
(18, 165),
(18, 166),
(18, 167),
(18, 168),
(18, 169),
(18, 170),
(18, 171),
(18, 172),
(18, 173),
(18, 174),
(18, 175),
(18, 176),
(18, 177),
(18, 178),
(18, 179),
(18, 180),
(18, 181),
(18, 182),
(18, 183),
(18, 184),
(18, 185),
(18, 186),
(18, 187),
(18, 188),
(18, 209),
(18, 210),
(18, 211),
(18, 212),
(18, 213),
(18, 214),
(18, 215),
(18, 216),
(18, 217),
(18, 218),
(18, 231),
(19, 2),
(19, 3),
(19, 6),
(19, 7),
(19, 23),
(19, 24),
(19, 27),
(19, 28),
(19, 55),
(19, 56),
(19, 57),
(19, 58),
(19, 59),
(19, 60),
(19, 61),
(19, 62),
(19, 63),
(19, 64),
(19, 65),
(19, 66),
(19, 67),
(19, 68),
(19, 69),
(19, 70),
(19, 71),
(19, 91),
(19, 92),
(19, 93),
(19, 94),
(19, 95),
(19, 96),
(19, 97),
(19, 98),
(19, 99),
(19, 100),
(19, 101),
(19, 102),
(19, 103),
(19, 104),
(19, 105),
(19, 106),
(20, 10),
(20, 15),
(20, 18),
(20, 21),
(20, 31),
(20, 36),
(20, 39),
(20, 42),
(20, 112),
(20, 113),
(20, 114),
(20, 115),
(20, 116),
(20, 117),
(20, 118),
(20, 119),
(20, 120),
(20, 121),
(20, 148),
(20, 149),
(20, 150),
(20, 151),
(20, 152),
(20, 153),
(20, 154),
(20, 196),
(20, 197),
(20, 198),
(20, 199),
(20, 200),
(20, 201),
(20, 202),
(20, 203),
(20, 204),
(20, 205),
(20, 219),
(20, 220),
(20, 221),
(20, 222),
(20, 223),
(20, 224),
(21, 1),
(21, 4),
(21, 7),
(21, 8),
(21, 9),
(21, 14),
(21, 19),
(21, 20),
(21, 22),
(21, 25),
(21, 28),
(21, 29),
(21, 30),
(21, 35),
(21, 40),
(21, 41),
(21, 43),
(21, 44),
(21, 45),
(21, 46),
(21, 47),
(21, 48),
(21, 49),
(21, 50),
(21, 51),
(21, 54),
(21, 76),
(21, 77),
(21, 78),
(21, 79),
(21, 97),
(21, 98),
(21, 99),
(21, 100),
(21, 101),
(21, 102),
(21, 103),
(21, 104),
(21, 105),
(21, 106),
(21, 107),
(21, 108),
(21, 109),
(21, 110),
(21, 111),
(21, 142),
(21, 143),
(21, 144),
(21, 145),
(21, 146),
(21, 147),
(21, 164),
(21, 165),
(21, 166),
(21, 167),
(21, 168),
(21, 169),
(21, 170),
(21, 171),
(21, 172),
(21, 173),
(21, 174),
(21, 175),
(21, 176),
(21, 177),
(21, 178),
(21, 179),
(21, 180),
(21, 181),
(21, 182),
(21, 189),
(21, 190),
(21, 191),
(21, 192),
(21, 193),
(21, 194),
(21, 195),
(21, 206),
(21, 207),
(21, 208),
(21, 209),
(21, 210),
(21, 211),
(21, 212),
(21, 213),
(21, 214),
(21, 215),
(21, 216),
(21, 217),
(21, 218),
(21, 228),
(21, 229),
(21, 230),
(21, 231),
(21, 232),
(21, 233),
(22, 1),
(22, 4),
(22, 8),
(22, 14),
(22, 19),
(22, 22),
(22, 25),
(22, 29),
(22, 35),
(22, 40),
(22, 43),
(22, 45),
(22, 46),
(22, 47),
(22, 48),
(22, 49),
(22, 50),
(22, 51),
(22, 52),
(22, 53),
(22, 54),
(22, 72),
(22, 73),
(22, 74),
(22, 75),
(22, 76),
(22, 77),
(22, 78),
(22, 79),
(22, 80),
(22, 81),
(22, 107),
(22, 108),
(22, 109),
(22, 110),
(22, 142),
(22, 143),
(22, 144),
(22, 145),
(22, 146),
(22, 147),
(22, 206),
(22, 207),
(22, 208),
(22, 225),
(22, 226),
(22, 227),
(23, 5),
(23, 11),
(23, 12),
(23, 13),
(23, 26),
(23, 32),
(23, 33),
(23, 34),
(23, 82),
(23, 83),
(23, 84),
(23, 85),
(23, 86),
(23, 87),
(23, 88),
(23, 89),
(23, 90),
(23, 122),
(23, 123),
(23, 124),
(23, 125),
(23, 126),
(23, 127),
(23, 128),
(23, 129),
(23, 130),
(23, 131),
(23, 132),
(23, 133),
(23, 134),
(23, 135),
(23, 136),
(23, 137),
(23, 138),
(23, 139),
(23, 140),
(23, 141),
(24, 16),
(24, 17),
(24, 20),
(24, 37),
(24, 38),
(24, 41),
(24, 155),
(24, 156),
(24, 157),
(24, 158),
(24, 159),
(24, 160),
(24, 161),
(24, 162),
(24, 163),
(24, 164),
(24, 165),
(24, 166),
(24, 167),
(24, 168),
(24, 169),
(24, 170),
(24, 171),
(24, 172),
(24, 173),
(24, 174),
(24, 175),
(24, 176),
(24, 177),
(24, 178),
(24, 179),
(24, 180),
(24, 181),
(24, 182),
(24, 183),
(24, 184),
(24, 185),
(24, 186),
(24, 187),
(24, 188),
(24, 209),
(24, 210),
(24, 211),
(24, 212),
(24, 213),
(24, 214),
(24, 215),
(24, 216),
(24, 217),
(24, 218),
(24, 231),
(25, 2),
(25, 3),
(25, 6),
(25, 7),
(25, 23),
(25, 24),
(25, 27),
(25, 28),
(25, 55),
(25, 56),
(25, 57),
(25, 58),
(25, 59),
(25, 60),
(25, 61),
(25, 62),
(25, 63),
(25, 64),
(25, 65),
(25, 66),
(25, 67),
(25, 68),
(25, 69),
(25, 70),
(25, 71),
(25, 91),
(25, 92),
(25, 93),
(25, 94),
(25, 95),
(25, 96),
(25, 97),
(25, 98),
(25, 99),
(25, 100),
(25, 101),
(25, 102),
(25, 103),
(25, 104),
(25, 105),
(25, 106),
(26, 10),
(26, 15),
(26, 18),
(26, 21),
(26, 31),
(26, 36),
(26, 39),
(26, 42),
(26, 112),
(26, 113),
(26, 114),
(26, 115),
(26, 116),
(26, 117),
(26, 118),
(26, 119),
(26, 120),
(26, 121),
(26, 148),
(26, 149),
(26, 150),
(26, 151),
(26, 152),
(26, 153),
(26, 154),
(26, 196),
(26, 197),
(26, 198),
(26, 199),
(26, 200),
(26, 201),
(26, 202),
(26, 203),
(26, 204),
(26, 205),
(26, 219),
(26, 220),
(26, 221),
(26, 222),
(26, 223),
(26, 224),
(27, 1),
(27, 4),
(27, 7),
(27, 8),
(27, 9),
(27, 14),
(27, 19),
(27, 20),
(27, 22),
(27, 25),
(27, 28),
(27, 29),
(27, 30),
(27, 35),
(27, 40),
(27, 41),
(27, 43),
(27, 44),
(27, 45),
(27, 46),
(27, 47),
(27, 48),
(27, 49),
(27, 50),
(27, 51),
(27, 54),
(27, 76),
(27, 77),
(27, 78),
(27, 79),
(27, 97),
(27, 98),
(27, 99),
(27, 100),
(27, 101),
(27, 102),
(27, 103),
(27, 104),
(27, 105),
(27, 106),
(27, 107),
(27, 108),
(27, 109),
(27, 110),
(27, 111),
(27, 142),
(27, 143),
(27, 144),
(27, 145),
(27, 146),
(27, 147),
(27, 164),
(27, 165),
(27, 166),
(27, 167),
(27, 168),
(27, 169),
(27, 170),
(27, 171),
(27, 172),
(27, 173),
(27, 174),
(27, 175),
(27, 176),
(27, 177),
(27, 178),
(27, 179),
(27, 180),
(27, 181),
(27, 182),
(27, 189),
(27, 190),
(27, 191),
(27, 192),
(27, 193),
(27, 194),
(27, 195),
(27, 206),
(27, 207),
(27, 208),
(27, 209),
(27, 210),
(27, 211),
(27, 212),
(27, 213),
(27, 214),
(27, 215),
(27, 216),
(27, 217),
(27, 218),
(27, 228),
(27, 229),
(27, 230),
(27, 231),
(27, 232),
(27, 233);

--
-- Constraints for dumped tables
--

--
-- Constraints for table `companion`
--
ALTER TABLE `companion`
  ADD CONSTRAINT `FK_1BAD2E69269F0516` FOREIGN KEY (`needed_level_id`) REFERENCES `levels` (`id`);

--
-- Constraints for table `levels`
--
ALTER TABLE `levels`
  ADD CONSTRAINT `levels_ibfk_1` FOREIGN KEY (`parent_level_id`) REFERENCES `levels` (`id`);

--
-- Constraints for table `users`
--
ALTER TABLE `users`
  ADD CONSTRAINT `users_ibfk_1` FOREIGN KEY (`current_level_id`) REFERENCES `levels` (`id`),
  ADD CONSTRAINT `users_ibfk_2` FOREIGN KEY (`user_companion_id`) REFERENCES `companion` (`id`);

--
-- Constraints for table `words_for_level`
--
ALTER TABLE `words_for_level`
  ADD CONSTRAINT `FK_B2B190165FB14BA7` FOREIGN KEY (`level_id`) REFERENCES `levels` (`id`),
  ADD CONSTRAINT `FK_B2B19016E357438D` FOREIGN KEY (`word_id`) REFERENCES `words` (`id`);

/*!40101 SET CHARACTER_SET_CLIENT=@OLD_CHARACTER_SET_CLIENT */;
/*!40101 SET CHARACTER_SET_RESULTS=@OLD_CHARACTER_SET_RESULTS */;
/*!40101 SET COLLATION_CONNECTION=@OLD_COLLATION_CONNECTION */;
